position,officeholder,start,end
Q107225945,Q111209644,2021-10,
Q108881133,Q108881130,2021-10-12,
Q109186195,Q109044723,2021-10-21,
Q109255195,Q109252098,2021-10-25,
Q109274596,Q109274627,2021-10-26,
Q14917303,Q21855433,2015-12-29,
Q14917303,Q5984807,2018-05-21,
Q17110168,Q90561086,,
Q28015517,Q202582,1984-04-03,2008-12-22
Q28015517,Q314271,2008-12-23,2010-01-15
Q28015517,Q4413,2010-12-21,2021-09-05
Q28015517,Q718230,2010-01-15,2010-12-21
Q85853945,Q5285288,2010-12-21,
Q90169155,Q109252096,2021-10-25,
Q98822651,Q109275607,2021-10-26,
Q98960158,Q96945598,2020-06,
